{
    "Version": 1.1,
    "Theme": "Light Theme",
    "Items": [
        {
            "title": "Code",
            "type": "Text",
            "key": "Code",
            "required": true
        },
        {
            "title": "First Name",
            "type": "Text",
            "key": "First Name",
            "required": true
        },
        {
            "title": "Last Name",
            "type": "Text",
            "key": "Last Name",
            "required": true
        },
        {
            "title": "Email",
            "type": "Text",
            "key": "Email",
            "required": false
        },
        {
            "title": "Location",
            "type": "Text",
            "key": "Location",
            "required": false
        },                
        {
            "title": "Sales",
            "type": "Text",
            "key": "Sales",
            "required": false
        }
    ]
}