{
    "Version": 1.1,
    "Theme": "Light Theme",
    "Items": [
        {
            "title": "Brand",
            "type": "Text",
            "key": "Brand",
            "required": true
        },
        {
            "title": "Name",
            "type": "Text",
            "key": "Name",
            "required": true
        },
        {
            "title": "Device",
            "type": "Text",
            "key": "Device",
            "required": true
        },
        {
            "title": "Model",
            "type": "Text",
            "key": "Model",
            "required": true
        },        
        {
            "title": "Price",
            "type": "Text",
            "key": "Price",
            "required": true
        }
    ]
}